{
    "lg_pitching_stats": [
        {
            "innings": 6403.3333333333,
            "er": 2367,
            "fip": 3.327,
            "era": 3.327,
            "hrRate": 0.95,
            "kRate": 8.63,
            "bbRate": 2.559,
            "fipc": 2.8936319625
        }
    ]
}