{
    "lg_pitching_stats": [
        {
            "innings": 26725.3333333333,
            "er": 17518,
            "fip": 5.899,
            "era": 5.899,
            "hrRate": 1.567,
            "kRate": 7.873,
            "bbRate": 4.181,
            "fipc": 3.8649748553
        }
    ]
}