{
    "lg_stats": [
        {
            "totalpa": 83164,
            "avg": 0.2847166337,
            "obp": 0.3600115435,
            "slg": 0.4524312896,
            "ops": 0.8124428331,
            "hr": 14.9054879515,
            "kpct": 0.1625583185,
            "bbpct": 0.1013900245,
            "sbrate": 10.316964071
        }
    ]
}