{
    "lg_pitching_stats": [
        {
            "innings": 11991.6666666667,
            "er": 3808,
            "fip": 2.858,
            "era": 2.858,
            "hrRate": 0.568,
            "kRate": 6.161,
            "bbRate": 2.537,
            "fipc": 2.4980833912
        }
    ]
}