{
    "lg_stats": [
        {
            "totalpa": 120174,
            "avg": 0.2785761621,
            "obp": 0.357556543,
            "slg": 0.4963078671,
            "ops": 0.8538644101,
            "hr": 23.2313145938,
            "kpct": 0.1945429128,
            "bbpct": 0.103308536,
            "sbrate": 6.5355234909
        }
    ]
}